IT業界,8
OA機器業界,13
アパレル業界,8
インターネット業界,10
インテリア業界,12
ガス業界,3
ガラス業界,13
カフェ業界,8
カラオケ業界,8
カー用品店業界,4
クレジットカード業界,11
ゲーム業界,11
ゴム・タイヤ業界,3
ゴルフ場業界,4
コンビニ業界,8
サービス業界,9
ジュエリー業界,2
スポーツクラブ業界,2
スポーツ用品店業界,8
スポーツ用品業界,3
スーパー業界,4
テレビ業界,1
ドラッグストア業界,12
パチンコ(製造)業界,11
パン業界,4
ビル管理業界,4
ビール業界,1
ブライダル業界,12
プラント業界,13
ホテル業界,11
ホームセンター業界,8
メガネ業界,2
モバイル業界,10
リサイクル業界,12
リース業界,3
レジャー施設業界,11
不動産業界,8
中古車業界,2
中食業界,8
二輪車・バイク業界,11
人材派遣業界,2
介護業界,12
住宅業界,8
住宅設備業界,7
倉庫・運輸業界,3
冠婚葬祭業界,8
出版業界,8
化学業界,9
化粧品業界,8
医療機器業界,3
半導体業界,9
印刷業界,4
卸売業界,14
商品先物業界,11
土木業界,13
土石製品業界,4
家庭用品業界,13
家電業界,6
家電量販店業界,2
寿司業界,2
専門商社業界,9
小売業界,6
居酒屋業界,2
工作機械業界,3
広告業界,2
建設コンサルタント業界,3
建設業界,13
建設機械業界,13
損害保険業界,1
携帯電話業界,1
携帯電話販売業界,12
教育業界,8
文具業界,4
旅行業界,11
映画業界,8
時計業界,13
機械業界,9
水産・農林業界,4
海運業界,7
消費者金融業界,11
清涼飲料業界,11
玩具業界,7
百貨店業界,13
石油業界,1
精密機器業界,3
経営コンサルタント業界,12
総合商社業界,0
繊維業界,13
自動車業界,6
自動車部品業界,9
航空業界,8
菓子業界,4
製粉業界,3
製紙業界,4
製薬業界,3
証券業界,3
警備業界,8
通信業界,1
通販業界,2
造船重機業界,13
運送業界,4
重電業界,13
金属製品業界,4
金融業界,5
鉄道業界,9
鉄鋼業界,7
銀行業界,5
雑貨業界,2
電力業界,7
電気機器業界,6
電気通信工事業界,13
非鉄金属業界,13
靴業界,8
食品業界,9
飲食業界,2
飼料業界,4
駐車場業界,12
高速道路業界,1
